{"configVersion":90,"forceMountData":true,"templates":{"Blacklist":{"isWhitelist":false,"appList":["bin.mt.plus","cc.hicore.qtool","cn.android.x","com.alphi.actvityopenmanager","com.android.patch","com.bug.zqq","com.byyoung.setting","com.cataclysm.i","com.close.hook.ads","com.coderstory.toolkit","com.demo.serendipity","com.demo.tl_ing","com.example.ourom","com.example.vcam","com.fankes.refusebrightness","com.fankes.tsbattery","com.fkzhang.qqxposed","com.fkzhang.wechatxposed","com.fkzhang.wxencoder","com.github.kr328.clash","com.github.tianma8023.xposed.smscode","com.github.uiautomator","com.google.android.hmal","com.goosebt.ld","com.greenforest.auto.clicker","com.guoshi.httpcanary","com.hentai.q","com.heytap.market","com.hujiayucc.hook","com.jozein.xedgepro","com.keramidas.TitaniumBackup","com.keramidas.TitaniumBackupAddon","com.ldq.connect","com.mhook.dialog.beta","com.overlook.android.fing","com.plus.boy","com.rifsxd.ksunext","com.sky.xposed.rimet","com.softwarebakery.drivedroid","com.surcumference.fingerprintpay","com.termux","com.topjohnwu.magisk","com.topmiaohan.superlist","com.tsng.hidemyapplist","com.v2ray.ang","com.varuns2002.disable_flag_secure","com.wmods.wppenhacer","com.wmods.wppenhacer.w4b","com.wovow.youtubehelper","com.yuanwofei.cardemulator.pro","com.zidongdianji","fuck.location","io.github.a13e300.ksuwebui","io.github.auag0.imnotadeveloper","io.github.huskydg.magisk","io.github.lsposed.disableflagsecure","io.github.qauxv","io.github.vvb2060.magisk","its.madruga.warevamp","ma.wanam.youtubeadaway","me.bmax.apatch","me.garfieldhan.hiapatch","me.teble.xposed.autodaily","moe.shizuku.privileged.api","name.caiyao.sporteditor","nep.timeline.re_telegram","nil.nadph.qnotified","nnnn.aaaaa.nevercrash","org.lsposed.daemon","org.lsposed.manager","org.swiftapps.swiftbackup","org.zwanoo.android.speedtest","pansong291.xposed.quickenergy.qiufeng","rikka.riru","ru.hepolise.volumekeymusicmanagermodule"]},"":{"isWhitelist":true,"appList":["chuxin.shimo.shimowendang","cn.dict.android.pro","cn.gov.pbc.dcep","cn.gov.tax.its","cn.myflv.monitor.noactive","cn.wch.bledemo","cn.wps.moffice_eng","cn.xuexi.android","com.ChinaMobile","com.MobileTicket","com.alibaba.aliyun","com.alibaba.android.rimet","com.amazon.appmanager","com.androidfung.drminfo","com.asw.moneyback","com.autonavi.minimap","com.azure.authenticator","com.baidu.input","com.baidu.netdisk","com.bochk.app.aos","com.bochk.bocpay","com.cainiao.wireless","com.carrot.carrotfantasy","com.carrot.iceworld","com.chaoxing.mobile","com.chinamworld.bocmbci","com.cisco.anyconnect.vpn.android.avf","com.digitalgd.dgyss","com.eg.android.AlipayGphone","com.feiyu.carrot3.nearme.gamecenter","com.finshell.wallet","com.google.android.apps.maps","com.google.android.apps.youtube.music","com.google.android.gm","com.google.android.googlequicksearchbox","com.google.android.youtube","com.henrikherzig.playintegritychecker","com.heytap.browser","com.heytap.health","com.heytap.htms","com.heytap.vip","com.hicorenational.antifraud","com.icbc","com.icicibank.m2i","com.instagram.android","com.jazibkhan.equalizer","com.legendsec.sslvpn","com.leiting.aobi","com.leiting.aobi.nearme.gamecenter","com.lite.lanxin","com.mcdonalds.mobileapp","com.microsoft.office.outlook","com.mtr.mtrmobile","com.netease.cloudmusic","com.netease.edu.ucmooc","com.noctuasoftware.stellarium_free","com.octopuscards.nfc_reader","com.oneplus.backuprestore","com.oneplus.bbs","com.oneplus.calculator","com.oneplus.canvasresources","com.oneplus.iconpack.oneplush2","com.oneplus.iconpack.onepluso2","com.oneplus.note","com.oneplus.soundrecorder","com.oneplus.twspods","com.oppo.market","com.parknshop.parknshopapp","com.prudential.iiqe","com.rovio.angrybirdsspace.ads","com.sankuai.meituan","com.secure.secid","com.smp.musicspeed","com.softin.copydata","com.taobao.taobao","com.tastegourmetgroup.app","com.tencent.androidqqmail","com.tencent.edu","com.tencent.mm","com.tencent.mobileqq","com.tencent.token","com.tencent.wemeet.app","com.tencent.wework","com.unionpay.tsmservice","com.webank.wemoney","com.wemade.wemixplay","com.wepie.snake.nearme.gamecenter","com.whatsapp","com.xingin.xhs","com.xunlei.downloadprovider","com.xunmeng.pinduoduo","com.yiban.app","com.yitong.mbank.psbc","com.yuurewards.app","com.zwfw.YueZhengYi","gr.nikolasspyr.integritycheck","hk.gov.immd.contactless","hk.gov.immd.mobileapps","hk.gov.ogcio.iamsmart","hk.hku.its.attendance","hk.hku.its.hkuapp","io.github.rabehx.securify","jemuillot.ContactNumberFixer","mo.gov.ssm.Macao_Health_Codev2","net.oneplus.weather","net.oneplus.widget","net.xmind.doughnut","org.akanework.checker","org.telegram.messenger","us.zoom.videomeetings","windinfo.android","youqu.android.todesk"]}},"scope":{"com.byxiaorun.detector":{"useWhitelist":true,"excludeSystemApps":true,"applyTemplates":["Whitelist"],"extraAppList":["com.byxiaorun.detector"]},"com.daxiaamu.op7mutools":{"useWhitelist":true,"excludeSystemApps":true,"applyTemplates":["Whitelist"],"extraAppList":["com.daxiaamu.op7mutools"]},"com.reveny.nativecheck":{"useWhitelist":true,"excludeSystemApps":true,"applyTemplates":["Whitelist"],"extraAppList":["com.reveny.nativecheck"]},"com.sefu.vmessfree":{"useWhitelist":true,"excludeSystemApps":true,"applyTemplates":["Whitelist"],"extraAppList":["com.sefu.vmessfree"]},"com.tsng.applistdetector":{"useWhitelist":true,"excludeSystemApps":true,"applyTemplates":["Whitelist"],"extraAppList":["com.tsng.applistdetector"]},"com.zhenxi.hunter":{"useWhitelist":true,"excludeSystemApps":true,"applyTemplates":["Whitelist"],"extraAppList":["com.zhenxi.hunter"]},"icu.nullptr.nativetest":{"useWhitelist":true,"excludeSystemApps":true,"applyTemplates":["Whitelist"],"extraAppList":["icu.nullptr.nativetest"]},"io.github.huskydg.memorydetector":{"useWhitelist":true,"excludeSystemApps":true,"applyTemplates":["Whitelist"],"extraAppList":["io.github.huskydg.memorydetector"]},"io.github.vvb2060.keyattestation":{"useWhitelist":true,"excludeSystemApps":true,"applyTemplates":["Whitelist"],"extraAppList":["io.github.vvb2060.keyattestation"]},"io.github.vvb2060.magiskdetector":{"useWhitelist":true,"excludeSystemApps":true,"applyTemplates":["Whitelist"],"extraAppList":["io.github.vvb2060.magiskdetector"]},"io.github.vvb2060.mahoshojo":{"useWhitelist":true,"excludeSystemApps":true,"applyTemplates":["Whitelist"],"extraAppList":["io.github.vvb2060.mahoshojo"]},"me.garfieldhan.holmes":{"useWhitelist":true,"excludeSystemApps":true,"applyTemplates":["Whitelist"],"extraAppList":["me.garfieldhan.holmes"]},"ml.w568w.checkxposed":{"useWhitelist":true,"excludeSystemApps":true,"applyTemplates":["Whitelist"],"extraAppList":["ml.w568w.checkxposed"]},"rikka.safetynetchecker":{"useWhitelist":true,"excludeSystemApps":true,"applyTemplates":["Whitelist"],"extraAppList":["rikka.safetynetchecker"]},"chuxin.shimo.shimowendang":{"useWhitelist":true,"excludeSystemApps":true,"applyTemplates":["Whitelist"],"extraAppList":[]},"cn.dict.android.pro":{"useWhitelist":true,"excludeSystemApps":true,"applyTemplates":["Whitelist"],"extraAppList":[]},"cn.gov.pbc.dcep":{"useWhitelist":true,"excludeSystemApps":true,"applyTemplates":["Whitelist"],"extraAppList":[]},"cn.gov.tax.its":{"useWhitelist":true,"excludeSystemApps":true,"applyTemplates":["Whitelist"],"extraAppList":[]},"cn.myflv.monitor.noactive":{"useWhitelist":true,"excludeSystemApps":true,"applyTemplates":["Whitelist"],"extraAppList":[]},"cn.wch.bledemo":{"useWhitelist":true,"excludeSystemApps":true,"applyTemplates":["Whitelist"],"extraAppList":[]},"cn.wps.moffice_eng":{"useWhitelist":true,"excludeSystemApps":true,"applyTemplates":["Whitelist"],"extraAppList":[]},"cn.xuexi.android":{"useWhitelist":true,"excludeSystemApps":true,"applyTemplates":["Whitelist"],"extraAppList":[]},"com.ChinaMobile":{"useWhitelist":true,"excludeSystemApps":true,"applyTemplates":["Whitelist"],"extraAppList":[]},"com.MobileTicket":{"useWhitelist":true,"excludeSystemApps":true,"applyTemplates":["Whitelist"],"extraAppList":[]},"com.alibaba.aliyun":{"useWhitelist":true,"excludeSystemApps":true,"applyTemplates":["Whitelist"],"extraAppList":[]},"com.alibaba.android.rimet":{"useWhitelist":true,"excludeSystemApps":true,"applyTemplates":["Whitelist"],"extraAppList":[]},"com.amazon.appmanager":{"useWhitelist":true,"excludeSystemApps":true,"applyTemplates":["Whitelist"],"extraAppList":[]},"com.androidfung.drminfo":{"useWhitelist":true,"excludeSystemApps":true,"applyTemplates":["Whitelist"],"extraAppList":[]},"com.asw.moneyback":{"useWhitelist":true,"excludeSystemApps":true,"applyTemplates":["Whitelist"],"extraAppList":[]},"com.autonavi.minimap":{"useWhitelist":true,"excludeSystemApps":true,"applyTemplates":["Whitelist"],"extraAppList":[]},"com.azure.authenticator":{"useWhitelist":true,"excludeSystemApps":true,"applyTemplates":["Whitelist"],"extraAppList":[]},"com.baidu.input":{"useWhitelist":true,"excludeSystemApps":true,"applyTemplates":["Whitelist"],"extraAppList":[]},"com.baidu.netdisk":{"useWhitelist":true,"excludeSystemApps":true,"applyTemplates":["Whitelist"],"extraAppList":[]},"com.bochk.app.aos":{"useWhitelist":true,"excludeSystemApps":true,"applyTemplates":["Whitelist"],"extraAppList":[]},"com.bochk.bocpay":{"useWhitelist":true,"excludeSystemApps":true,"applyTemplates":["Whitelist"],"extraAppList":[]},"com.cainiao.wireless":{"useWhitelist":true,"excludeSystemApps":true,"applyTemplates":["Whitelist"],"extraAppList":[]},"com.carrot.carrotfantasy":{"useWhitelist":true,"excludeSystemApps":true,"applyTemplates":["Whitelist"],"extraAppList":[]},"com.carrot.iceworld":{"useWhitelist":true,"excludeSystemApps":true,"applyTemplates":["Whitelist"],"extraAppList":[]},"com.chaoxing.mobile":{"useWhitelist":true,"excludeSystemApps":true,"applyTemplates":["Whitelist"],"extraAppList":[]},"com.chinamworld.bocmbci":{"useWhitelist":true,"excludeSystemApps":true,"applyTemplates":["Whitelist"],"extraAppList":[]},"com.cisco.anyconnect.vpn.android.avf":{"useWhitelist":true,"excludeSystemApps":true,"applyTemplates":["Whitelist"],"extraAppList":[]},"com.digitalgd.dgyss":{"useWhitelist":true,"excludeSystemApps":true,"applyTemplates":["Whitelist"],"extraAppList":[]},"com.eg.android.AlipayGphone":{"useWhitelist":true,"excludeSystemApps":true,"applyTemplates":["Whitelist"],"extraAppList":[]},"com.feiyu.carrot3.nearme.gamecenter":{"useWhitelist":true,"excludeSystemApps":true,"applyTemplates":["Whitelist"],"extraAppList":[]},"com.finshell.wallet":{"useWhitelist":true,"excludeSystemApps":true,"applyTemplates":["Whitelist"],"extraAppList":[]},"com.google.android.apps.maps":{"useWhitelist":true,"excludeSystemApps":true,"applyTemplates":["Whitelist"],"extraAppList":[]},"com.google.android.apps.youtube.music":{"useWhitelist":true,"excludeSystemApps":true,"applyTemplates":["Whitelist"],"extraAppList":[]},"com.google.android.gm":{"useWhitelist":true,"excludeSystemApps":true,"applyTemplates":["Whitelist"],"extraAppList":[]},"com.google.android.googlequicksearchbox":{"useWhitelist":true,"excludeSystemApps":true,"applyTemplates":["Whitelist"],"extraAppList":[]},"com.google.android.youtube":{"useWhitelist":true,"excludeSystemApps":true,"applyTemplates":["Whitelist"],"extraAppList":[]},"com.henrikherzig.playintegritychecker":{"useWhitelist":true,"excludeSystemApps":true,"applyTemplates":["Whitelist"],"extraAppList":[]},"com.heytap.browser":{"useWhitelist":true,"excludeSystemApps":true,"applyTemplates":["Whitelist"],"extraAppList":[]},"com.heytap.health":{"useWhitelist":true,"excludeSystemApps":true,"applyTemplates":["Whitelist"],"extraAppList":[]},"com.heytap.htms":{"useWhitelist":true,"excludeSystemApps":true,"applyTemplates":["Whitelist"],"extraAppList":[]},"com.heytap.vip":{"useWhitelist":true,"excludeSystemApps":true,"applyTemplates":["Whitelist"],"extraAppList":[]},"com.hicorenational.antifraud":{"useWhitelist":true,"excludeSystemApps":true,"applyTemplates":["Whitelist"],"extraAppList":[]},"com.icbc":{"useWhitelist":true,"excludeSystemApps":true,"applyTemplates":["Whitelist"],"extraAppList":[]},"com.icicibank.m2i":{"useWhitelist":true,"excludeSystemApps":true,"applyTemplates":["Whitelist"],"extraAppList":[]},"com.instagram.android":{"useWhitelist":true,"excludeSystemApps":true,"applyTemplates":["Whitelist"],"extraAppList":[]},"com.jazibkhan.equalizer":{"useWhitelist":true,"excludeSystemApps":true,"applyTemplates":["Whitelist"],"extraAppList":[]},"com.legendsec.sslvpn":{"useWhitelist":true,"excludeSystemApps":true,"applyTemplates":["Whitelist"],"extraAppList":[]},"com.leiting.aobi":{"useWhitelist":true,"excludeSystemApps":true,"applyTemplates":["Whitelist"],"extraAppList":[]},"com.leiting.aobi.nearme.gamecenter":{"useWhitelist":true,"excludeSystemApps":true,"applyTemplates":["Whitelist"],"extraAppList":[]},"com.lite.lanxin":{"useWhitelist":true,"excludeSystemApps":true,"applyTemplates":["Whitelist"],"extraAppList":[]},"com.mcdonalds.mobileapp":{"useWhitelist":true,"excludeSystemApps":true,"applyTemplates":["Whitelist"],"extraAppList":[]},"com.microsoft.office.outlook":{"useWhitelist":true,"excludeSystemApps":true,"applyTemplates":["Whitelist"],"extraAppList":[]},"com.mtr.mtrmobile":{"useWhitelist":true,"excludeSystemApps":true,"applyTemplates":["Whitelist"],"extraAppList":[]},"com.netease.cloudmusic":{"useWhitelist":true,"excludeSystemApps":true,"applyTemplates":["Whitelist"],"extraAppList":[]},"com.netease.edu.ucmooc":{"useWhitelist":true,"excludeSystemApps":true,"applyTemplates":["Whitelist"],"extraAppList":[]},"com.noctuasoftware.stellarium_free":{"useWhitelist":true,"excludeSystemApps":true,"applyTemplates":["Whitelist"],"extraAppList":[]},"com.octopuscards.nfc_reader":{"useWhitelist":true,"excludeSystemApps":true,"applyTemplates":["Whitelist"],"extraAppList":[]},"com.oneplus.backuprestore":{"useWhitelist":true,"excludeSystemApps":true,"applyTemplates":["Whitelist"],"extraAppList":[]},"com.oneplus.bbs":{"useWhitelist":true,"excludeSystemApps":true,"applyTemplates":["Whitelist"],"extraAppList":[]},"com.oneplus.calculator":{"useWhitelist":true,"excludeSystemApps":true,"applyTemplates":["Whitelist"],"extraAppList":[]},"com.oneplus.canvasresources":{"useWhitelist":true,"excludeSystemApps":true,"applyTemplates":["Whitelist"],"extraAppList":[]},"com.oneplus.iconpack.oneplush2":{"useWhitelist":true,"excludeSystemApps":true,"applyTemplates":["Whitelist"],"extraAppList":[]},"com.oneplus.iconpack.onepluso2":{"useWhitelist":true,"excludeSystemApps":true,"applyTemplates":["Whitelist"],"extraAppList":[]},"com.oneplus.note":{"useWhitelist":true,"excludeSystemApps":true,"applyTemplates":["Whitelist"],"extraAppList":[]},"com.oneplus.soundrecorder":{"useWhitelist":true,"excludeSystemApps":true,"applyTemplates":["Whitelist"],"extraAppList":[]},"com.oneplus.twspods":{"useWhitelist":true,"excludeSystemApps":true,"applyTemplates":["Whitelist"],"extraAppList":[]},"com.oppo.market":{"useWhitelist":true,"excludeSystemApps":true,"applyTemplates":["Whitelist"],"extraAppList":[]},"com.parknshop.parknshopapp":{"useWhitelist":true,"excludeSystemApps":true,"applyTemplates":["Whitelist"],"extraAppList":[]},"com.prudential.iiqe":{"useWhitelist":true,"excludeSystemApps":true,"applyTemplates":["Whitelist"],"extraAppList":[]},"com.rovio.angrybirdsspace.ads":{"useWhitelist":true,"excludeSystemApps":true,"applyTemplates":["Whitelist"],"extraAppList":[]},"com.sankuai.meituan":{"useWhitelist":true,"excludeSystemApps":true,"applyTemplates":["Whitelist"],"extraAppList":[]},"com.secure.secid":{"useWhitelist":true,"excludeSystemApps":true,"applyTemplates":["Whitelist"],"extraAppList":[]},"com.smp.musicspeed":{"useWhitelist":true,"excludeSystemApps":true,"applyTemplates":["Whitelist"],"extraAppList":[]},"com.softin.copydata":{"useWhitelist":true,"excludeSystemApps":true,"applyTemplates":["Whitelist"],"extraAppList":[]},"com.taobao.taobao":{"useWhitelist":true,"excludeSystemApps":true,"applyTemplates":["Whitelist"],"extraAppList":[]},"com.tastegourmetgroup.app":{"useWhitelist":true,"excludeSystemApps":true,"applyTemplates":["Whitelist"],"extraAppList":[]},"com.tencent.androidqqmail":{"useWhitelist":true,"excludeSystemApps":true,"applyTemplates":["Whitelist"],"extraAppList":[]},"com.tencent.edu":{"useWhitelist":true,"excludeSystemApps":true,"applyTemplates":["Whitelist"],"extraAppList":[]},"com.tencent.mm":{"useWhitelist":true,"excludeSystemApps":true,"applyTemplates":["Whitelist"],"extraAppList":[]},"com.tencent.mobileqq":{"useWhitelist":true,"excludeSystemApps":true,"applyTemplates":["Whitelist"],"extraAppList":[]},"com.tencent.token":{"useWhitelist":true,"excludeSystemApps":true,"applyTemplates":["Whitelist"],"extraAppList":[]},"com.tencent.wemeet.app":{"useWhitelist":true,"excludeSystemApps":true,"applyTemplates":["Whitelist"],"extraAppList":[]},"com.tencent.wework":{"useWhitelist":true,"excludeSystemApps":true,"applyTemplates":["Whitelist"],"extraAppList":[]},"com.unionpay.tsmservice":{"useWhitelist":true,"excludeSystemApps":true,"applyTemplates":["Whitelist"],"extraAppList":[]},"com.webank.wemoney":{"useWhitelist":true,"excludeSystemApps":true,"applyTemplates":["Whitelist"],"extraAppList":[]},"com.wemade.wemixplay":{"useWhitelist":true,"excludeSystemApps":true,"applyTemplates":["Whitelist"],"extraAppList":[]},"com.wepie.snake.nearme.gamecenter":{"useWhitelist":true,"excludeSystemApps":true,"applyTemplates":["Whitelist"],"extraAppList":[]},"com.whatsapp":{"useWhitelist":true,"excludeSystemApps":true,"applyTemplates":["Whitelist"],"extraAppList":[]},"com.xingin.xhs":{"useWhitelist":true,"excludeSystemApps":true,"applyTemplates":["Whitelist"],"extraAppList":[]},"com.xunlei.downloadprovider":{"useWhitelist":true,"excludeSystemApps":true,"applyTemplates":["Whitelist"],"extraAppList":[]},"com.xunmeng.pinduoduo":{"useWhitelist":true,"excludeSystemApps":true,"applyTemplates":["Whitelist"],"extraAppList":[]},"com.yiban.app":{"useWhitelist":true,"excludeSystemApps":true,"applyTemplates":["Whitelist"],"extraAppList":[]},"com.yitong.mbank.psbc":{"useWhitelist":true,"excludeSystemApps":true,"applyTemplates":["Whitelist"],"extraAppList":[]},"com.yuurewards.app":{"useWhitelist":true,"excludeSystemApps":true,"applyTemplates":["Whitelist"],"extraAppList":[]},"com.zwfw.YueZhengYi":{"useWhitelist":true,"excludeSystemApps":true,"applyTemplates":["Whitelist"],"extraAppList":[]},"gr.nikolasspyr.integritycheck":{"useWhitelist":true,"excludeSystemApps":true,"applyTemplates":["Whitelist"],"extraAppList":[]},"hk.gov.immd.contactless":{"useWhitelist":true,"excludeSystemApps":true,"applyTemplates":["Whitelist"],"extraAppList":[]},"hk.gov.immd.mobileapps":{"useWhitelist":true,"excludeSystemApps":true,"applyTemplates":["Whitelist"],"extraAppList":[]},"hk.gov.ogcio.iamsmart":{"useWhitelist":true,"excludeSystemApps":true,"applyTemplates":["Whitelist"],"extraAppList":[]},"hk.hku.its.attendance":{"useWhitelist":true,"excludeSystemApps":true,"applyTemplates":["Whitelist"],"extraAppList":[]},"hk.hku.its.hkuapp":{"useWhitelist":true,"excludeSystemApps":true,"applyTemplates":["Whitelist"],"extraAppList":[]},"io.github.rabehx.securify":{"useWhitelist":true,"excludeSystemApps":true,"applyTemplates":["Whitelist"],"extraAppList":[]},"jemuillot.ContactNumberFixer":{"useWhitelist":true,"excludeSystemApps":true,"applyTemplates":["Whitelist"],"extraAppList":[]},"mo.gov.ssm.Macao_Health_Codev2":{"useWhitelist":true,"excludeSystemApps":true,"applyTemplates":["Whitelist"],"extraAppList":[]},"net.oneplus.weather":{"useWhitelist":true,"excludeSystemApps":true,"applyTemplates":["Whitelist"],"extraAppList":[]},"net.oneplus.widget":{"useWhitelist":true,"excludeSystemApps":true,"applyTemplates":["Whitelist"],"extraAppList":[]},"net.xmind.doughnut":{"useWhitelist":true,"excludeSystemApps":true,"applyTemplates":["Whitelist"],"extraAppList":[]},"org.akanework.checker":{"useWhitelist":true,"excludeSystemApps":true,"applyTemplates":["Whitelist"],"extraAppList":[]},"org.telegram.messenger":{"useWhitelist":true,"excludeSystemApps":true,"applyTemplates":["Whitelist"],"extraAppList":[]},"us.zoom.videomeetings":{"useWhitelist":true,"excludeSystemApps":true,"applyTemplates":["Whitelist"],"extraAppList":[]},"windinfo.android":{"useWhitelist":true,"excludeSystemApps":true,"applyTemplates":["Whitelist"],"extraAppList":[]},"youqu.android.todesk":{"useWhitelist":true,"excludeSystemApps":true,"applyTemplates":["Whitelist"],"extraAppList":[]}}}
